media_id,element_name,side,provenance_tier,filename,relative_path,file_size_bytes,sha256_checksum,raw_vertex_count,unique_vertex_count,face_count,edge_count,euler_characteristic,connected_components,is_watertight,boundary_edges,non_manifold_edges,bbox_min_x,bbox_min_y,bbox_min_z,bbox_max_x,bbox_max_y,bbox_max_z,extent_dx,extent_dy,extent_dz,centroid_x,centroid_y,centroid_z,surface_area,enclosed_volume,candidate_scale_hint,verified_units,coordinate_frame
000018284,Whole Skull,Complete,segmented_from_primary_scan,WitmerLab_Stegoceras_UALVP2-000018284.stl,meshes/original/whole_skull/WitmerLab_Stegoceras_UALVP2-000018284.stl,60005184,aa994f41df3a7763a048f93339345dd68ea91f475386b8ae129ec80fd226c7c3,3600306,599948,1200102,1800151,-101,1,False,0,2,38.012046813964844,4.268539905548096,0.3753740191459656,169.1443634033203,204.76962280273438,128.0867919921875,131.13231658935547,200.50108289718628,127.71141797304153,105.62656518286504,114.01624127293219,71.63783482382253,120512.20464706753,,likely_millimeters (diagnostic coordinate magnitude 50-500),UNKNOWN,MorphoSource_deposited_coordinates (untransformed)
000043121,Frontoparietal,Midline,segmented_from_primary_scan,WitmerLab_VisInt-Pachy_Stegoceras_UALVP2_Frontoparietal-000043121.stl,meshes/original/components/WitmerLab_VisInt-Pachy_Stegoceras_UALVP2_Frontoparietal-000043121.stl,12387334,a7d02ff34586f891cf6f1d3e3b70b464ef15897f09f4cccc783c5a52c3995eb8,743235,123890,247745,371645,-10,1,False,55,0,65.91510009765625,72.93599700927734,0.3763819932937622,156.51699829101562,197.31199645996094,83.25199890136719,90.60189819335938,124.3759994506836,82.87561690807343,110.02619372743688,138.61226992772578,42.12006651551817,30628.272237176592,,likely_millimeters (diagnostic coordinate magnitude 50-500),UNKNOWN,MorphoSource_deposited_coordinates (untransformed)
000043122,Ectopterygoid,Left,segmented_from_primary_scan,WitmerLab_VisInt-Pachy_Stegoceras_UALVP2_L_ectopterygoid-000043122.stl,meshes/original/components/WitmerLab_VisInt-Pachy_Stegoceras_UALVP2_L_ectopterygoid-000043122.stl,259534,850d58691f7b9420bc2dacf0c15cf4359e75189b2e389a23dbb624c6b94a64e9,15567,2597,5189,7785,1,1,False,3,0,62.84830093383789,86.35430145263672,93.84980010986328,80.61019897460938,101.0260009765625,111.18699645996094,17.761898040771484,14.671699523925781,17.337196350097656,72.68343448252634,92.77105382449993,101.88836767805887,586.0882269080312,,likely_centimeters (diagnostic coordinate magnitude 5-50),UNKNOWN,MorphoSource_deposited_coordinates (untransformed)
000043123,Jugal,Left,segmented_from_primary_scan,WitmerLab_VisInt-Pachy_Stegoceras_UALVP2_L_jugal-000043123.stl,meshes/original/components/WitmerLab_VisInt-Pachy_Stegoceras_UALVP2_L_jugal-000043123.stl,1957634,fd2a6267b36c29b2d1ffbce2b05d9446d32856325e6754a45eadd663b1cbfbfa,117453,19576,39151,58728,-1,1,False,3,0,38.02299880981445,48.20709991455078,73.88500213623047,80.83039855957031,138.19700622558594,122.23100280761719,42.80739974975586,89.98990631103516,48.34600067138672,56.442871020378604,100.09791983062651,94.54141626009667,4617.011057378285,,likely_millimeters (diagnostic coordinate magnitude 50-500),UNKNOWN,MorphoSource_deposited_coordinates (untransformed)
000043124,Lacrimal,Left,segmented_from_primary_scan,WitmerLab_VisInt-Pachy_Stegoceras_UALVP2_L_lacrimal-000043124.stl,meshes/original/components/WitmerLab_VisInt-Pachy_Stegoceras_UALVP2_L_lacrimal-000043124.stl,762684,e48dcece7409974e689ab07d4eb32f157ba2d4b713fc454e2b6d14c102428da6,45756,7624,15252,22878,-2,1,True,0,0,66.95030212402344,59.41310119628906,64.01129913330078,82.32820129394531,87.90599822998047,91.5875015258789,15.377899169921875,28.492897033691406,27.576202392578125,74.64821144204254,73.76007134394695,75.332245856009,1586.4146722176147,1968.8344406751378,likely_centimeters (diagnostic coordinate magnitude 5-50),UNKNOWN,MorphoSource_deposited_coordinates (untransformed)
000043125,Maxilla,Left,segmented_from_primary_scan,WitmerLab_VisInt-Pachy_Stegoceras_UALVP2_L_maxilla-000043125.stl,meshes/original/components/WitmerLab_VisInt-Pachy_Stegoceras_UALVP2_L_maxilla-000043125.stl,2825284,57896a6654a3337ad9c7a60249e9dd0afe690e1e0c6e591e1cffe84e55eee597,169512,28251,56504,84768,-13,1,False,24,0,63.63650131225586,17.508800506591797,60.12369918823242,105.69499969482422,92.31790161132812,112.58899688720703,42.05849838256836,74.80910110473633,52.46529769897461,83.07796380191685,56.5444000936477,89.13188624676677,6545.742013060941,,likely_millimeters (diagnostic coordinate magnitude 50-500),UNKNOWN,MorphoSource_deposited_coordinates (untransformed)
000043126,Nasal,Left,segmented_from_primary_scan,WitmerLab_VisInt-Pachy_Stegoceras_UALVP2_L_nasal-000043126.stl,meshes/original/components/WitmerLab_VisInt-Pachy_Stegoceras_UALVP2_L_nasal-000043126.stl,3038284,d880735c5bf2ac46e67e1b67cdada1b860f77fad1ccde23d4041420111e1f056,182292,30392,60764,91163,-7,1,False,34,0,74.28919982910156,15.297200202941895,24.404600143432617,109.1240005493164,90.3052978515625,78.37629699707031,34.834800720214844,75.0080976486206,53.971696853637695,97.16656648136671,56.850113772573714,52.73365106979884,6888.315894046739,,likely_millimeters (diagnostic coordinate magnitude 50-500),UNKNOWN,MorphoSource_deposited_coordinates (untransformed)
000043127,Palatine,Left,segmented_from_primary_scan,WitmerLab_VisInt-Pachy_Stegoceras_UALVP2_L_palatine-000043127.stl,meshes/original/components/WitmerLab_VisInt-Pachy_Stegoceras_UALVP2_L_palatine-000043127.stl,981834,659b87c383e473e457fdd565b31212fe63a90ba4f232c11ee3ad360be13d0b40,58905,9819,19635,29457,-3,1,False,9,0,75.6792984008789,50.34370040893555,72.93589782714844,104.73799896240234,102.3219985961914,103.34300231933594,29.058700561523438,51.97829818725586,30.4071044921875,90.37071406696505,83.89789591235592,86.04547425026901,2289.8349392390064,,likely_millimeters (diagnostic coordinate magnitude 50-500),UNKNOWN,MorphoSource_deposited_coordinates (untransformed)
000043128,Postorbital,Left,segmented_from_primary_scan,WitmerLab_VisInt-Pachy_Stegoceras_UALVP2_L_postorbital-000043128.stl,meshes/original/components/WitmerLab_VisInt-Pachy_Stegoceras_UALVP2_L_postorbital-000043128.stl,2981284,79eab3bcce9b9db18c8e0acbbec5ae5d46c0df224134b72a9b5ce69672bbf93e,178872,29814,59624,89439,-1,1,False,6,0,49.833900451660156,122.62200164794922,28.25029945373535,85.09729766845703,175.01600646972656,82.74720001220703,35.263397216796875,52.394004821777344,54.49690055847168,66.36277205404868,150.81325262027931,57.23492485610535,6940.635076287099,,likely_millimeters (diagnostic coordinate magnitude 50-500),UNKNOWN,MorphoSource_deposited_coordinates (untransformed)
000043129,Prefrontal,Left,segmented_from_primary_scan,WitmerLab_VisInt-Pachy_Stegoceras_UALVP2_L_prefrontal-000043129.stl,meshes/original/components/WitmerLab_VisInt-Pachy_Stegoceras_UALVP2_L_prefrontal-000043129.stl,1503434,9d38908109af1ccd1a757764f045bd94fedb9fd47c36dd2b5180d8a48d12ed14,90201,15040,30067,45107,0,1,False,13,0,72.31050109863281,70.80709838867188,31.251100540161133,95.29319763183594,107.5270004272461,70.47689819335938,22.982696533203125,36.71990203857422,39.22579765319824,84.19810336686304,88.9610794823694,50.827515847759706,3053.9457721247036,,likely_centimeters (diagnostic coordinate magnitude 5-50),UNKNOWN,MorphoSource_deposited_coordinates (untransformed)
000043130,Premaxilla,Left,segmented_from_primary_scan,WitmerLab_VisInt-Pachy_Stegoceras_UALVP2_L_premaxilla-000043130.stl,meshes/original/components/WitmerLab_VisInt-Pachy_Stegoceras_UALVP2_L_premaxilla-000043130.stl,1301034,1fcb8d04597565d29001fe7d49c5d9ccc7ad74ade786e606da3d30a0455700ab,78057,13015,26019,39036,-2,1,False,15,0,82.10549926757812,4.27092981338501,66.24030303955078,106.13200378417969,45.69329833984375,102.16600036621094,24.026504516601562,41.42236852645874,35.925697326660156,93.16867118745583,23.828546061737004,84.49192633121038,2832.5759377109425,,likely_centimeters (diagnostic coordinate magnitude 5-50),UNKNOWN,MorphoSource_deposited_coordinates (untransformed)
000043131,Pterygoid,Left,segmented_from_primary_scan,WitmerLab_VisInt-Pachy_Stegoceras_UALVP2_L_pterygoid-000043131.stl,meshes/original/components/WitmerLab_VisInt-Pachy_Stegoceras_UALVP2_L_pterygoid-000043131.stl,1761384,8468e0239a22658603e331a933e45ff151ecbe5a172cb5d922b12e0c48f78129,105678,17612,35226,52844,-6,1,False,10,0,61.11650085449219,89.0448989868164,79.63040161132812,100.78099822998047,140.03799438476562,118.7969970703125,39.66449737548828,50.99309539794922,39.166595458984375,83.84620328404114,110.04346689984268,100.89789191212502,4507.019080754069,,likely_millimeters (diagnostic coordinate magnitude 50-500),UNKNOWN,MorphoSource_deposited_coordinates (untransformed)
000043132,Quadrate,Left,segmented_from_primary_scan,WitmerLab_VisInt-Pachy_Stegoceras_UALVP2_L_quadrate-000043132.stl,meshes/original/components/WitmerLab_VisInt-Pachy_Stegoceras_UALVP2_L_quadrate-000043132.stl,1751034,1ebc9170f35b1fdc7aef66b4e55068544eccd7e611af3f59d4b661557f1bf4e1,105057,17510,35019,52530,-1,1,False,3,0,45.224998474121094,106.28600311279297,76.94300079345703,81.6094970703125,171.093994140625,128.08999633789062,36.384498596191406,64.80799102783203,51.146995544433594,63.406497750009144,130.74007519935319,97.04228609238348,4872.540809787328,,likely_millimeters (diagnostic coordinate magnitude 50-500),UNKNOWN,MorphoSource_deposited_coordinates (untransformed)
000043133,Quadratojugal,Left,segmented_from_primary_scan,WitmerLab_VisInt-Pachy_Stegoceras_UALVP2_L_quadratojugal-000043133.stl,meshes/original/components/WitmerLab_VisInt-Pachy_Stegoceras_UALVP2_L_quadratojugal-000043133.stl,477784,432b3675ba5a0cfd7bbbea0b30fc2dd0fe130bde2b21c125c1f26b1067524182,28662,4779,9554,14331,2,1,True,0,0,43.897300720214844,110.55000305175781,89.89430236816406,55.23740005493164,131.06700134277344,122.60099792480469,11.340099334716797,20.516998291015625,32.706695556640625,49.215667828558956,121.52312717320602,106.09430935445575,1120.7623285020602,1380.4294427930874,likely_centimeters (diagnostic coordinate magnitude 5-50),UNKNOWN,MorphoSource_deposited_coordinates (untransformed)
000043134,Squamosal,Left,segmented_from_primary_scan,WitmerLab_VisInt-Pachy_Stegoceras_UALVP2_L_squamosal-000043134.stl,meshes/original/components/WitmerLab_VisInt-Pachy_Stegoceras_UALVP2_L_squamosal-000043134.stl,2902084,64fde85d1e2382724370ac461e663e1b27ae336d899821bb72a3f2cd47ae8f2d,174120,29025,58040,87067,-2,1,False,14,0,50.2067985534668,152.15699768066406,50.03049850463867,101.41300201416016,204.77000427246094,89.80709838867188,51.20620346069336,52.613006591796875,39.7765998840332,74.50689672348173,180.68653616610163,70.56844551860004,7289.032766981632,,likely_millimeters (diagnostic coordinate magnitude 50-500),UNKNOWN,MorphoSource_deposited_coordinates (untransformed)
000043135,Supraorbital,Left,segmented_from_primary_scan,WitmerLab_VisInt-Pachy_Stegoceras_UALVP2_L_supraorbital-000043135.stl,meshes/original/components/WitmerLab_VisInt-Pachy_Stegoceras_UALVP2_L_supraorbital-000043135.stl,2536134,aa2376c25feed0d897347f1d016be0fd2a0b23b100de42eaee2bc716bda5a968,152163,25363,50721,76089,-5,1,False,15,0,51.92340087890625,64.17500305175781,34.39139938354492,84.23190307617188,137.51499938964844,70.77890014648438,32.308502197265625,73.33999633789062,36.38750076293945,68.10015746513238,105.1555566818508,52.47196819302259,5563.148547856662,,likely_millimeters (diagnostic coordinate magnitude 50-500),UNKNOWN,MorphoSource_deposited_coordinates (untransformed)
000043136,Neurocranium Elements,Midline,segmented_from_primary_scan,WitmerLab_VisInt-Pachy_Stegoceras_UALVP2_Neurocranium-000043136.stl,meshes/original/components/WitmerLab_VisInt-Pachy_Stegoceras_UALVP2_Neurocranium-000043136.stl,8268484,e8f061371178af95f7df45ab583dce7aec7a265b1e4dd5eff888de1579739d88,496104,82625,165368,248074,-81,1,False,51,4,60.23360061645508,78.05480194091797,55.999298095703125,148.42300415039062,167.29100036621094,109.81900024414062,88.18940353393555,89.23619842529297,53.8197021484375,105.81945800215935,127.55301581706543,80.80129525753999,20281.2922321914,,likely_millimeters (diagnostic coordinate magnitude 50-500),UNKNOWN,MorphoSource_deposited_coordinates (untransformed)
000043140,Ectopterygoid,Right,segmented_from_primary_scan,WitmerLab_VisInt-Pachy_Stegoceras_UALVP2_R_ectopterygoid-000043140.stl,meshes/original/components/WitmerLab_VisInt-Pachy_Stegoceras_UALVP2_R_ectopterygoid-000043140.stl,335334,ca77807de0fed5e35128d9390de3687421f5d6444f64e9f2f365db2437bd74c1,20115,3353,6705,10054,4,1,False,3,3,116.37799835205078,83.29010009765625,87.58899688720703,141.66299438476562,97.68710327148438,107.25399780273438,25.284996032714844,14.397003173828125,19.665000915527344,128.71748637815443,91.95239479362726,96.7111573892126,755.9986272563524,,likely_centimeters (diagnostic coordinate magnitude 5-50),UNKNOWN,MorphoSource_deposited_coordinates (untransformed)
000043143,Jugal,Right,segmented_from_primary_scan,WitmerLab_VisInt-Pachy_Stegoceras_UALVP2_R_jugal-000043143.stl,meshes/original/components/WitmerLab_VisInt-Pachy_Stegoceras_UALVP2_R_jugal-000043143.stl,1794284,fd8d87f7b79b8d510fb38ac3e5145129074935988a415e6e2a51f5eb0040a2e9,107652,17944,35884,53827,1,1,False,3,1,123.26899719238281,44.121498107910156,69.97149658203125,159.1439971923828,135.1540069580078,115.80500030517578,35.875,91.03250885009766,45.83350372314453,146.50722834239866,100.04752684630215,91.2483919992232,4504.775299215622,,likely_millimeters (diagnostic coordinate magnitude 50-500),UNKNOWN,MorphoSource_deposited_coordinates (untransformed)
000043142,Lacrimal,Right,segmented_from_primary_scan,WitmerLab_VisInt-Pachy_Stegoceras_UALVP2_R_lacrimal-000043142.stl,meshes/original/components/WitmerLab_VisInt-Pachy_Stegoceras_UALVP2_R_lacrimal-000043142.stl,711384,1a1764118c2bbce577959602b880726504edb5e5b5e48947fee1a78955583f2f,42678,7115,14226,21339,2,1,True,0,0,129.47900390625,58.21670150756836,62.99789810180664,148.21099853515625,86.76000213623047,90.3739013671875,18.73199462890625,28.54330062866211,27.37600326538086,137.13095466005316,74.51051393222757,74.17136593575496,1571.5843364311554,2126.8772899908363,likely_centimeters (diagnostic coordinate magnitude 5-50),UNKNOWN,MorphoSource_deposited_coordinates (untransformed)
000043144,Maxilla,Right,segmented_from_primary_scan,WitmerLab_VisInt-Pachy_Stegoceras_UALVP2_R_maxilla-000043144.stl,meshes/original/components/WitmerLab_VisInt-Pachy_Stegoceras_UALVP2_R_maxilla-000043144.stl,3066534,bcc2802be65251567794c271773af5854296689afa5dae88048ff810bc41e154,183987,30665,61329,92000,-6,1,False,13,0,104.06500244140625,17.536800384521484,54.603599548339844,139.8769989013672,91.34269714355469,109.61199951171875,35.81199645996094,73.8058967590332,55.008399963378906,125.40772248632341,58.96972371654663,84.81834218517015,7316.088271277644,,likely_millimeters (diagnostic coordinate magnitude 50-500),UNKNOWN,MorphoSource_deposited_coordinates (untransformed)
000043145,Nasal,Right,segmented_from_primary_scan,WitmerLab_VisInt-Pachy_Stegoceras_UALVP2_R_nasal-000043145.stl,meshes/original/components/WitmerLab_VisInt-Pachy_Stegoceras_UALVP2_R_nasal-000043145.stl,2922284,66e5f8d4cce050b70ad5e8c1262b6ed1fa50dc694e2a7a77a9fd7e42c1c0255a,175332,29231,58444,87683,-8,1,False,34,0,105.2979965209961,15.082500457763672,24.412099838256836,134.84800720214844,91.87840270996094,77.80460357666016,29.550010681152344,76.79590225219727,53.39250373840332,117.29243489089544,55.807361571235134,53.406768491668196,6911.886712447039,,likely_millimeters (diagnostic coordinate magnitude 50-500),UNKNOWN,MorphoSource_deposited_coordinates (untransformed)
000043146,Palatine,Right,segmented_from_primary_scan,WitmerLab_VisInt-Pachy_Stegoceras_UALVP2_R_palatine-000043146.stl,meshes/original/components/WitmerLab_VisInt-Pachy_Stegoceras_UALVP2_R_palatine-000043146.stl,844484,907d57cee773a502cc6bd1a2b2715898cbcdf6257b7a60fd644ae4694b9284f1,50664,8446,16888,25332,2,1,True,0,0,102.03900146484375,47.42430114746094,72.99849700927734,126.50599670410156,99.42749786376953,99.50460052490234,24.466995239257812,52.003196716308594,26.506103515625,113.92163344362727,82.60348056387915,84.35693948347374,1966.3665774629176,1952.761960234245,likely_millimeters (diagnostic coordinate magnitude 50-500),UNKNOWN,MorphoSource_deposited_coordinates (untransformed)
000043147,Postorbital,Right,segmented_from_primary_scan,WitmerLab_VisInt-Pachy_Stegoceras_UALVP2_R_postorbital-000043147.stl,meshes/original/components/WitmerLab_VisInt-Pachy_Stegoceras_UALVP2_R_postorbital-000043147.stl,2855084,56c05dcfbad4aa75b3d3758ba58e3291560fbb7d0052e439ee3ade5165d6a9a4,171300,28555,57100,85655,0,1,False,10,0,134.60000610351562,122.4469985961914,31.236900329589844,169.17300415039062,174.43699645996094,88.99810028076172,34.572998046875,51.98999786376953,57.761199951171875,152.64199159556125,150.84264990740718,60.81578661405939,6829.765556650485,,likely_millimeters (diagnostic coordinate magnitude 50-500),UNKNOWN,MorphoSource_deposited_coordinates (untransformed)
000043148,Prefrontal,Right,segmented_from_primary_scan,WitmerLab_VisInt-Pachy_Stegoceras_UALVP2_R_prefrontal-000043148.stl,meshes/original/components/WitmerLab_VisInt-Pachy_Stegoceras_UALVP2_R_prefrontal-000043148.stl,1363934,eeac835e4aacda246e894691395bb43d8d4779b9013cc3faf654d53a588afb62,81831,13646,27277,40925,-2,1,False,19,0,120.91899871826172,70.36389923095703,30.40089988708496,142.81100463867188,105.69300079345703,66.65049743652344,21.892005920410156,35.3291015625,36.24959754943848,131.57743882637538,88.98666655163304,49.988311851851236,3013.559964996022,,likely_centimeters (diagnostic coordinate magnitude 5-50),UNKNOWN,MorphoSource_deposited_coordinates (untransformed)
000043149,Premaxilla,Right,segmented_from_primary_scan,WitmerLab_VisInt-Pachy_Stegoceras_UALVP2_R_premaxilla-000043149.stl,meshes/original/components/WitmerLab_VisInt-Pachy_Stegoceras_UALVP2_R_premaxilla-000043149.stl,1196884,3c77b489f107133bbf86658c24742c656b4292fdd7491a468ead35d3c66fa661,71808,11969,23936,35907,-2,1,False,6,0,104.21800231933594,4.933700084686279,67.67939758300781,133.31399536132812,55.82460021972656,101.5790023803711,29.095993041992188,50.89090013504028,33.89960479736328,118.82580267921068,24.0632661630215,83.56900492459869,2755.565947953818,,likely_millimeters (diagnostic coordinate magnitude 50-500),UNKNOWN,MorphoSource_deposited_coordinates (untransformed)
000043150,Pterygoid,Right,segmented_from_primary_scan,WitmerLab_VisInt-Pachy_Stegoceras_UALVP2_R_pterygoid-000043150.stl,meshes/original/components/WitmerLab_VisInt-Pachy_Stegoceras_UALVP2_R_pterygoid-000043150.stl,1818334,9d44223c213e5f4c21554aa5b6397d07bfcf1aff006b778ebe28bfa0b9dd45ce,109095,18189,36365,54550,4,1,False,6,1,96.2874984741211,86.63510131835938,81.3917007446289,132.89500427246094,140.92100524902344,114.86799621582031,36.607505798339844,54.28590393066406,33.476295471191406,114.64482842994283,108.58721885158603,97.54638817991223,4744.137348257085,,likely_millimeters (diagnostic coordinate magnitude 50-500),UNKNOWN,MorphoSource_deposited_coordinates (untransformed)
000043151,Quadrate,Right,segmented_from_primary_scan,WitmerLab_VisInt-Pachy_Stegoceras_UALVP2_R_quadrate-000043151.stl,meshes/original/components/WitmerLab_VisInt-Pachy_Stegoceras_UALVP2_R_quadrate-000043151.stl,1402184,0c764929ab151c23c776a560b1a3416363f220ffb194599a436fb41d05cf8998,84126,14019,28042,42063,-2,1,True,0,0,123.13200378417969,106.4219970703125,79.5011978149414,152.17300415039062,171.97300720214844,121.21199798583984,29.041000366210938,65.55101013183594,41.71080017089844,138.3832510118647,130.45345006809896,96.41124068374769,3882.8868279863977,5420.757692676886,likely_millimeters (diagnostic coordinate magnitude 50-500),UNKNOWN,MorphoSource_deposited_coordinates (untransformed)
000043152,Quadratojugal,Right,segmented_from_primary_scan,WitmerLab_VisInt-Pachy_Stegoceras_UALVP2_R_quadratojugal-000043152.stl,meshes/original/components/WitmerLab_VisInt-Pachy_Stegoceras_UALVP2_R_quadratojugal-000043152.stl,505534,5486ab599a407a33cdf7722894921b06661b098650eabd76bcf37a799e913130,30327,5058,10109,15167,0,1,False,7,0,134.64100646972656,106.69499969482422,85.23719787597656,152.906005859375,128.9320068359375,119.30899810791016,18.264999389648438,22.23700714111328,34.071800231933594,145.19805146808653,117.40841110467717,103.543082591932,1274.9891788286095,,likely_centimeters (diagnostic coordinate magnitude 5-50),UNKNOWN,MorphoSource_deposited_coordinates (untransformed)
000043153,Squamosal,Right,segmented_from_primary_scan,WitmerLab_VisInt-Pachy_Stegoceras_UALVP2_R_squamosal-000043153.stl,meshes/original/components/WitmerLab_VisInt-Pachy_Stegoceras_UALVP2_R_squamosal-000043153.stl,3211184,462f3a0a8b135b1f5998d7c81ba569a9078a18e1af8e44e294defa92e659a748,192666,32116,64222,96336,2,1,False,6,0,112.41000366210938,145.7530059814453,54.420501708984375,168.86300659179688,203.14999389648438,97.87020111083984,56.4530029296875,57.39698791503906,43.44969940185547,141.56161624781342,177.67789667019719,75.75754151659739,8182.091449148442,,likely_millimeters (diagnostic coordinate magnitude 50-500),UNKNOWN,MorphoSource_deposited_coordinates (untransformed)
000043154,Supraorbital,Right,segmented_from_primary_scan,WitmerLab_VisInt-Pachy_Stegoceras_UALVP2_R_supraorbital-000043154.stl,meshes/original/components/WitmerLab_VisInt-Pachy_Stegoceras_UALVP2_R_supraorbital-000043154.stl,2735984,fb3ca93fdeebba6d5e15f58c3521a715216874063ec838493a58938442433a50,164154,27364,54718,82086,-4,1,False,18,0,130.1199951171875,63.98659896850586,33.2484016418457,168.33599853515625,141.75599670410156,71.927001953125,38.21600341796875,77.7693977355957,38.6786003112793,149.00195187217383,104.62614312156407,53.30101514109773,6566.85548171657,,likely_millimeters (diagnostic coordinate magnitude 50-500),UNKNOWN,MorphoSource_deposited_coordinates (untransformed)
000043161,Ventromedial Process,Midline,segmented_from_primary_scan,WitmerLab_VisInt-Pachy_Stegoceras_UALVP2_Ventromedial_process-000043161.stl,meshes/original/components/WitmerLab_VisInt-Pachy_Stegoceras_UALVP2_Ventromedial_process-000043161.stl,68784,a210ba96f4bf3970781b2f8f2b784dd9ff4b1f41eea9a728d3f4450b015691eb,4122,689,1374,2061,2,1,True,0,0,96.556396484375,77.44879913330078,88.00260162353516,102.12699890136719,85.55280303955078,100.58799743652344,5.5706024169921875,8.10400390625,12.585395812988281,99.53617572447453,82.18713461562741,93.68111439908756,165.3910516604808,94.29050274980806,likely_centimeters (diagnostic coordinate magnitude 5-50),UNKNOWN,MorphoSource_deposited_coordinates (untransformed)
000043162,Vomer,Midline,segmented_from_primary_scan,WitmerLab_VisInt-Pachy_Stegoceras_UALVP2_Vomer-000043162.stl,meshes/original/components/WitmerLab_VisInt-Pachy_Stegoceras_UALVP2_Vomer-000043162.stl,782484,d6361b292191995ac9e5d92bc23e02f1a151b29cee458841aa3f3bdd3d4e0296,46944,7830,15648,23482,-4,1,False,20,0,94.1530990600586,31.63789939880371,72.8646011352539,109.74800109863281,102.00299835205078,93.73410034179688,15.594902038574219,70.36509895324707,20.86949920654297,103.72889702117261,72.11055917934029,81.83506833122885,1743.841216977136,,likely_millimeters (diagnostic coordinate magnitude 50-500),UNKNOWN,MorphoSource_deposited_coordinates (untransformed)
